Number,Name,Form,Type 1,Type 2,HP,Attack,Defense,Sp.Attack,Sp.Defense,Speed,Legal?,Viable
1,Bulbasaur,,Grass,Poison,45,49,49,65,65,45,1,
2,Ivysaur,,Grass,Poison,60,62,63,80,80,60,1,
3,Venusaur,,Grass,Poison,80,82,83,100,100,80,1,1
4,Charmander,,Fire,,39,52,43,60,50,65,1,
5,Charmeleon,,Fire,,58,64,58,80,65,80,1,
6,Charizard,,Fire,Flying,78,84,78,109,85,100,1,1
7,Squirtle,,Water,,44,48,65,50,64,43,1,
8,Wartortle,,Water,,59,63,80,65,80,58,1,
9,Blastoise,,Water,,79,83,100,85,105,78,1,1
23,Ekans,,Poison,,35,60,44,40,54,55,1,
24,Arbok,,Poison,,60,95,69,65,79,80,1,1
25,Pikachu,,Electric,,35,55,40,50,50,90,1,1
26,Raichu,,Electric,,60,90,55,90,80,110,1,1
27,Sandshrew,,Ground,,50,75,85,20,30,40,1,
27,Sandshrew,Alolan Sandshrew,Ice,Steel,50,75,90,10,35,40,1,0
28,Sandslash,,Ground,,75,100,110,45,55,65,1,1
28,Sandslash,Alolan Sandslash,Ice,Steel,75,100,120,25,65,65,1,1
35,Clefairy,,Fairy,,70,45,48,60,65,35,1,1
36,Clefable,,Fairy,,95,70,73,95,90,60,1,1
37,Vulpix,,Fire,,38,41,40,50,65,65,1,
37,Vulpix,Alolan Vulpix,Ice,,38,41,40,50,65,65,1,
38,Ninetales,,Fire,,73,76,75,81,100,100,1,1
38,Ninetales,Alolan Ninetales,Ice,Fairy,73,67,75,81,100,109,1,1
39,Jigglypuff,,Normal,Fairy,115,45,20,45,25,20,1,
40,Wigglytuff,,Normal,Fairy,140,70,45,85,50,45,1,1
43,Oddish,,Grass,Poison,45,50,55,75,65,30,1,
44,Gloom,,Grass,Poison,60,65,70,85,75,40,1,0
45,Vileplume,,Grass,Poison,75,80,85,110,90,50,1,1
48,Venonat,,Bug,Poison,60,55,50,40,55,45,1,
49,Venomoth,,Bug,Poison,70,65,60,90,75,90,1,1
50,Diglett,,Ground,,10,55,25,35,45,95,1,
51,Dugtrio,,Ground,,35,100,50,50,70,120,1,1
52,Meowth,,Normal,,40,45,35,40,40,90,1,
52,Meowth,Alolan Meowth,Dark,,40,35,35,50,40,90,1,
52,Meowth,Galarian Meowth,Steel,,50,65,55,40,40,40,1,
53,Persian,,Normal,,65,70,60,65,65,115,1,1
53,Persian,Alolan Persian,Dark,,65,60,60,75,65,115,1,1
54,Psyduck,,Water,,50,52,48,65,50,55,1,
55,Golduck,,Water,,80,82,78,95,80,85,1,1
56,Mankey,,Fighting,,40,80,35,35,45,70,1,
57,Primeape,,Fighting,,65,105,60,60,70,95,1,1
58,Growlithe,,Fire,,55,70,45,70,50,60,1,
58,Growlithe,Hisuian Growlithe,Fire,Rock,60,75,45,65,50,55,1,
59,Arcanine,,Fire,,90,110,80,100,80,95,1,1
59,Arcanine,Hisuian Arcanine,Fire,Rock,95,115,80,95,80,90,1,1
60,Poliwag,,Water,,40,50,40,40,40,90,1,
61,Poliwhirl,,Water,,65,65,65,50,50,90,1,
62,Poliwrath,,Water,Fighting,90,95,95,70,90,70,1,1
69,Bellsprout,,Grass,Poison,50,75,35,70,30,40,1,
70,Weepinbell,,Grass,Poison,65,90,50,85,45,55,1,
71,Victreebel,,Grass,Poison,80,105,65,100,70,70,1,1
72,Tentacool,,Water,Poison,40,40,35,50,100,70,1,
73,Tentacruel,,Water,Poison,80,70,65,80,120,100,1,1
74,Geodude,,Rock,Ground,40,80,100,30,30,20,1,
74,Geodude,Alolan Geodude,Rock,Electric,40,80,100,30,30,20,1,
75,Graveler,,Rock,Ground,55,95,115,45,45,35,1,
75,Graveler,Alolan Graveler,Rock,Electric,55,95,115,45,45,35,1,
76,Golem,,Rock,Ground,80,120,130,55,65,45,1,1
76,Golem,Alolan Golem,Rock,Electric,80,120,130,55,65,45,1,1
79,Slowpoke,,Water,Psychic,90,65,65,40,40,15,1,
79,Slowpoke,Galarian Slowpoke,Psychic,,90,65,65,40,40,15,1,
80,Slowbro,,Water,Psychic,95,75,110,100,80,30,1,1
80,Slowbro,Galarian Slowbro,Poison,Psychic,95,100,95,100,70,30,1,1
81,Magnemite,,Electric,Steel,25,35,70,95,55,45,1,
82,Magneton,,Electric,Steel,50,60,95,120,70,70,1,
84,Doduo,,Normal,Flying,35,85,45,35,35,75,1,
85,Dodrio,,Normal,Flying,60,110,70,60,60,110,1,1
86,Seel,,Water,,65,45,55,45,70,45,1,
87,Dewgong,,Water,Ice,90,70,80,70,95,70,1,1
88,Grimer,,Poison,,80,80,50,40,50,25,1,
88,Grimer,Alolan Grimer,Poison,Dark,80,80,50,40,50,25,1,
89,Muk,,Poison,,105,105,75,65,100,50,1,1
89,Muk,Alolan Muk,Poison,Dark,105,105,75,65,100,50,1,1
90,Shellder,,Water,,30,65,100,45,25,40,1,
91,Cloyster,,Water,Ice,50,95,180,85,45,70,1,1
92,Gastly,,Ghost,Poison,30,35,30,100,35,80,1,
93,Haunter,,Ghost,Poison,45,50,45,115,55,95,1,
94,Gengar,,Ghost,Poison,60,65,60,130,75,110,1,1
96,Drowzee,,Psychic,,60,48,45,43,90,42,1,
97,Hypno,,Psychic,,85,73,70,73,115,67,1,1
100,Voltorb,,Electric,,40,30,50,55,55,100,1,
100,Voltorb,Hisuian Voltorb,Electric,Grass,40,30,50,55,55,100,1,
101,Electrode,,Electric,,60,50,70,80,80,150,1,1
101,Electrode,Hisuian Electrode,Electric,Grass,60,50,70,80,80,150,1,1
102,Exeggcute,,Grass,Psychic,60,40,80,60,45,40,1,
103,Exeggutor,,Grass,Psychic,95,95,85,125,75,55,1,1
103,Exeggutor,Alolan Exeggutor,Grass,Dragon,95,105,85,125,75,45,1,1
106,Hitmonlee,,Fighting,,50,120,53,35,110,87,1,1
107,Hitmonchan,,Fighting,,50,105,79,35,110,76,1,1
109,Koffing,,Poison,,40,65,95,60,45,35,1,
110,Weezing,,Poison,,65,90,120,85,70,60,1,1
110,Weezing,Galarian Weezing,Poison,Fairy,65,90,120,85,70,60,1,1
111,Rhyhorn,,Ground,Rock,80,85,95,30,30,25,1,
112,Rhydon,,Ground,Rock,105,130,120,45,45,40,1,1
113,Chansey,,Normal,,250,5,5,35,105,50,1,1
116,Horsea,,Water,,30,40,70,70,25,60,1,
117,Seadra,,Water,,55,65,95,95,45,85,1,
123,Scyther,,Bug,Flying,70,110,80,55,80,105,1,1
125,Electabuzz,,Electric,,65,83,57,95,85,105,1,1
126,Magmar,,Fire,,65,95,57,100,85,93,1,1
128,Tauros,,Normal,,75,100,95,40,70,110,1,1
128,Tauros,Combat Breed,Fighting,,75,110,105,30,70,100,1,1
128,Tauros,Blaze Breed,Fighting,Fire,75,110,105,30,70,100,1,1
128,Tauros,Aqua Breed,Fighting,Water,75,110,105,30,70,100,1,1
129,Magikarp,,Water,,20,10,55,15,20,80,1,
130,Gyarados,,Water,Flying,95,125,79,60,100,81,1,1
131,Lapras,,Water,Ice,130,85,80,85,95,60,1,1
132,Ditto,,Normal,,48,48,48,48,48,48,1,1
133,Eevee,,Normal,,55,55,50,45,65,55,1,
134,Vaporeon,,Water,,130,65,60,110,95,65,1,1
135,Jolteon,,Electric,,65,65,60,110,95,130,1,1
136,Flareon,,Fire,,65,130,60,95,110,65,1,1
137,Porygon,,Normal,,65,60,70,85,75,40,1,
143,Snorlax,,Normal,,160,110,65,65,110,30,1,1
144,Articuno,,Ice,Flying,90,85,100,95,125,85,1,1
144,Articuno,Galarian Articuno,Psychic,Flying,90,85,85,125,100,95,1,1
145,Zapdos,,Electric,Flying,90,90,85,125,90,100,1,1
145,Zapdos,Galarian Zapdos,Fighting,Flying,90,125,90,85,90,100,1,1
146,Moltres,,Fire,Flying,90,100,90,125,85,90,1,1
146,Moltres,Galarian Moltres,Dark,Flying,90,85,90,100,125,90,1,1
147,Dratini,,Dragon,,41,64,45,50,50,50,1,1
148,Dragonair,,Dragon,,61,84,65,70,70,70,1,1
149,Dragonite,,Dragon,Flying,91,134,95,100,100,80,1,1
152,Chikorita,,Grass,,45,49,65,49,65,45,1,
153,Bayleef,,Grass,,60,62,80,63,80,60,1,
154,Meganium,,Grass,,80,82,100,83,100,80,1,1
155,Cyndaquil,,Fire,,39,52,43,60,50,65,1,
156,Quilava,,Fire,,58,64,58,80,65,80,1,
157,Typhlosion,,Fire,,78,84,78,109,85,100,1,1
157,Typhlosion,Hisuian Typhlosion,Fire,Ghost,73,84,78,119,85,95,1,1
158,Totodile,,Water,,50,65,64,44,48,43,1,0
159,Croconaw,,Water,,65,80,80,59,63,58,1,
160,Feraligatr,,Water,,85,105,100,79,83,78,1,1
161,Sentret,,Normal,,35,46,34,35,45,20,1,1
162,Furret,,Normal,,85,76,64,45,55,90,1,1
163,Hoothoot,,Normal,Flying,60,30,30,36,56,50,1,
164,Noctowl,,Normal,Flying,100,50,50,86,96,70,1,1
167,Spinarak,,Bug,Poison,40,60,40,40,40,30,1,
168,Ariados,,Bug,Poison,70,90,70,60,70,40,1,1
170,Chinchou,,Water,Electric,75,38,38,56,56,67,1,
171,Lanturn,,Water,Electric,125,58,58,76,76,67,1,1
172,Pichu,,Electric,,20,40,15,35,35,60,1,
173,Cleffa,,Fairy,,50,25,28,45,55,15,1,
174,Igglybuff,,Normal,Fairy,90,30,15,40,20,15,1,
179,Mareep,,Electric,,55,40,40,65,45,35,1,
180,Flaaffy,,Electric,,70,55,55,80,60,45,1,
181,Ampharos,,Electric,,90,75,85,115,90,55,1,1
182,Bellossom,,Grass,,75,80,95,90,100,50,1,1
183,Marill,,Water,Fairy,70,20,50,20,50,40,1,
184,Azumarill,,Water,Fairy,100,50,80,60,80,50,1,1
185,Sudowoodo,,Rock,,70,100,115,30,65,30,1,1
186,Politoed,,Water,,90,75,75,90,100,70,1,1
187,Hoppip,,Grass,Flying,35,35,40,35,55,50,1,
188,Skiploom,,Grass,Flying,55,45,50,45,65,80,1,
189,Jumpluff,,Grass,Flying,75,55,70,55,95,110,1,1
190,Aipom,,Normal,,55,70,55,40,55,85,1,
191,Sunkern,,Grass,,30,30,30,30,30,30,1,
192,Sunflora,,Grass,,75,75,55,105,85,30,1,1
193,Yanma,,Bug,Flying,65,65,45,75,45,95,1,
194,Wooper,,Water,Ground,55,45,45,25,25,15,1,
194,Wooper,Paldean Wooper,Poison,Ground,55,45,45,25,25,15,1,
195,Quagsire,,Water,Ground,95,85,85,65,65,35,1,1
196,Espeon,,Psychic,,65,65,60,130,95,110,1,1
197,Umbreon,,Dark,,95,65,110,60,130,65,1,1
198,Murkrow,,Dark,Flying,60,85,42,85,42,91,1,1
199,Slowking,,Water,Psychic,95,75,80,100,110,30,1,1
199,Slowking,Galarian Slowking,Poison,Psychic,95,65,80,110,110,30,1,1
200,Misdreavus,,Ghost,,60,60,60,85,85,85,1,0
203,Girafarig,,Normal,Psychic,70,80,65,90,65,85,1,
204,Pineco,,Bug,,50,65,90,35,35,15,1,
205,Forretress,,Bug,Steel,75,90,140,60,60,40,1,1
206,Dunsparce,,Normal,,100,70,70,65,65,45,1,
207,Gligar,,Ground,Flying,65,75,105,35,65,85,1,
209,Snubbull,,Fairy,,60,80,50,40,40,30,1,
210,Granbull,,Fairy,,90,120,75,60,60,45,1,1
211,Qwilfish,,Water,Poison,65,95,85,55,55,85,1,0
211,Qwilfish,Hisuian Qwilfish,Dark,Poison,65,95,85,55,55,85,1,
212,Scizor,,Bug,Steel,70,130,100,55,80,65,1,1
214,Heracross,,Bug,Fighting,80,125,75,40,95,85,1,1
215,Sneasel,,Dark,Ice,55,95,55,35,75,115,1,
215,Sneasel,Hisuian Sneasel,Fighting,Poison,55,95,55,35,75,115,1,
216,Teddiursa,,Normal,,60,80,50,50,50,40,1,
217,Ursaring,,Normal,,90,130,75,75,75,55,1,
218,Slugma,,Fire,,40,40,40,70,40,20,1,
219,Magcargo,,Fire,Rock,60,50,120,90,80,30,1,1
220,Swinub,,Ice,Ground,50,50,40,30,30,50,1,
221,Piloswine,,Ice,Ground,100,100,80,60,60,50,1,
225,Delibird,,Ice,Flying,45,55,45,65,45,75,1,
227,Skarmory,,Steel,Flying,65,80,140,40,70,70,1,1
228,Houndour,,Dark,Fire,45,60,30,80,50,65,1,
229,Houndoom,,Dark,Fire,75,90,50,110,80,95,1,1
230,Kingdra,,Water,Dragon,75,95,95,95,95,85,1,1
231,Phanpy,,Ground,,90,60,60,40,40,40,1,
232,Donphan,,Ground,,90,120,120,60,60,50,1,1
233,Porygon2,,Normal,,85,80,90,105,95,60,1,1
234,Stantler,,Normal,,73,95,62,85,65,85,1,0
235,Smeargle,,Normal,,55,20,35,20,45,75,1,1
236,Tyrogue,,Fighting,,35,35,35,35,35,35,1,
237,Hitmontop,,Fighting,,50,95,95,35,110,70,1,1
239,Elekid,,Electric,,45,63,37,65,55,95,1,
240,Magby,,Fire,,45,75,37,70,55,83,1,
242,Blissey,,Normal,,255,10,10,75,135,55,1,1
243,Raikou,,Electric,,90,85,75,115,100,115,1,1
244,Entei,,Fire,,115,115,85,90,75,100,1,1
245,Suicune,,Water,,100,75,115,90,115,85,1,1
246,Larvitar,,Rock,Ground,50,64,50,45,50,41,1,0
247,Pupitar,,Rock,Ground,70,84,70,65,70,51,1,
248,Tyranitar,,Rock,Dark,100,134,110,95,100,61,1,1
252,Treecko,,Grass,,40,45,35,65,55,70,1,
253,Grovyle,,Grass,,50,65,45,85,65,95,1,
254,Sceptile,,Grass,,70,85,65,105,85,120,1,1
255,Torchic,,Fire,,45,60,40,70,50,45,1,
256,Combusken,,Fire,Fighting,60,85,60,85,60,55,1,
257,Blaziken,,Fire,Fighting,80,120,70,110,70,80,1,1
258,Mudkip,,Water,,50,70,50,50,50,40,1,
259,Marshtomp,,Water,Ground,70,85,70,60,70,50,1,
260,Swampert,,Water,Ground,100,110,90,85,90,60,1,1
261,Poochyena,,Dark,,35,55,35,30,30,35,1,
262,Mightyena,,Dark,,70,90,70,60,60,70,1,1
270,Lotad,,Water,Grass,40,30,30,40,50,30,1,
271,Lombre,,Water,Grass,60,50,50,60,70,50,1,0
272,Ludicolo,,Water,Grass,80,70,70,90,100,70,1,1
273,Seedot,,Grass,,40,40,50,30,30,30,1,
274,Nuzleaf,,Grass,Dark,70,70,40,60,40,60,1,
275,Shiftry,,Grass,Dark,90,100,60,90,60,80,1,1
278,Wingull,,Water,Flying,40,30,30,55,30,85,1,
279,Pelipper,,Water,Flying,60,50,100,95,70,65,1,1
280,Ralts,,Psychic,Fairy,28,25,25,45,35,40,1,
281,Kirlia,,Psychic,Fairy,38,35,35,65,55,50,1,
282,Gardevoir,,Psychic,Fairy,68,65,65,125,115,80,1,1
283,Surskit,,Bug,Water,40,30,32,50,52,65,1,
284,Masquerain,,Bug,Flying,70,60,62,100,82,80,1,1
285,Shroomish,,Grass,,60,40,60,40,60,35,1,
286,Breloom,,Grass,Fighting,60,130,80,60,60,70,1,1
287,Slakoth,,Normal,,60,60,60,35,35,30,1,
288,Vigoroth,,Normal,,80,80,80,55,55,90,1,
289,Slaking,,Normal,,150,160,100,95,65,100,1,1
296,Makuhita,,Fighting,,72,60,30,20,30,25,1,
297,Hariyama,,Fighting,,144,120,60,40,60,50,1,1
298,Azurill,,Normal,Fairy,50,20,40,20,40,20,1,
299,Nosepass,,Rock,,30,45,135,45,90,30,1,
302,Sableye,,Dark,Ghost,50,75,75,65,65,50,1,1
307,Meditite,,Fighting,Psychic,30,40,55,40,55,60,1,
308,Medicham,,Fighting,Psychic,60,60,75,60,75,80,1,1
311,Plusle,,Electric,,60,50,40,85,75,95,1,1
312,Minun,,Electric,,60,40,50,75,85,95,1,1
313,Volbeat,,Bug,,65,73,75,47,85,85,1,1
314,Illumise,,Bug,,65,47,75,73,85,85,1,1
316,Gulpin,,Poison,,70,43,53,43,53,40,1,
317,Swalot,,Poison,,100,73,83,73,83,55,1,1
322,Numel,,Fire,Ground,60,60,40,65,45,35,1,
323,Camerupt,,Fire,Ground,70,100,70,105,75,40,1,1
324,Torkoal,,Fire,,70,85,140,85,70,20,1,1
325,Spoink,,Psychic,,60,25,35,70,80,60,1,
326,Grumpig,,Psychic,,80,45,65,90,110,80,1,1
328,Trapinch,,Ground,,45,100,45,45,45,10,1,1
329,Vibrava,,Ground,Dragon,50,70,50,50,50,70,1,
330,Flygon,,Ground,Dragon,80,100,80,80,80,100,1,1
331,Cacnea,,Grass,,50,85,40,85,40,35,1,
332,Cacturne,,Grass,Dark,70,115,60,115,60,55,1,1
333,Swablu,,Normal,Flying,45,40,60,40,75,50,1,
334,Altaria,,Dragon,Flying,75,70,90,70,105,80,1,1
335,Zangoose,,Normal,,73,115,60,60,60,90,1,1
336,Seviper,,Poison,,73,100,60,100,60,65,1,1
339,Barboach,,Water,Ground,50,48,43,46,41,60,1,
340,Whiscash,,Water,Ground,110,78,73,76,71,60,1,1
341,Corphish,,Water,,43,80,65,50,35,35,1,
342,Crawdaunt,,Water,Dark,63,120,85,90,55,55,1,1
349,Feebas,,Water,,20,15,20,10,55,80,1,
350,Milotic,,Water,,95,60,79,100,125,81,1,1
353,Shuppet,,Ghost,,44,75,35,63,33,45,1,
354,Banette,,Ghost,,64,115,65,83,63,65,1,1
355,Duskull,,Ghost,,20,40,90,30,90,25,1,
356,Dusclops,,Ghost,,40,70,130,60,130,25,1,1
357,Tropius,,Grass,Flying,99,68,83,72,87,51,1,1
358,Chimecho,,Psychic,,75,50,80,95,90,65,1,1
361,Snorunt,,Ice,,50,50,50,50,50,50,1,
362,Glalie,,Ice,,80,80,80,80,80,80,1,1
370,Luvdisc,,Water,,43,30,55,40,65,97,1,1
371,Bagon,,Dragon,,45,75,60,40,30,50,1,
372,Shelgon,,Dragon,,65,95,100,60,50,50,1,
373,Salamence,,Dragon,Flying,95,135,80,110,80,100,1,1
374,Beldum,,Steel,Psychic,40,55,80,35,60,30,1,
375,Metang,,Steel,Psychic,60,75,100,55,80,50,1,
376,Metagross,,Steel,Psychic,80,135,130,95,90,70,1,1
377,Regirock,,Rock,,80,100,200,50,100,50,1,1
378,Regice,,Ice,,80,50,100,100,200,50,1,1
379,Registeel,,Steel,,80,75,150,75,150,50,1,1
380,Latias,,Dragon,Psychic,80,80,90,110,130,110,1,1
381,Latios,,Dragon,Psychic,80,90,80,130,110,110,1,1
387,Turtwig,,Grass,,55,68,64,45,55,31,1,
388,Grotle,,Grass,,75,89,85,55,65,36,1,
389,Torterra,,Grass,Ground,95,109,105,75,85,56,1,1
390,Chimchar,,Fire,,44,58,44,58,44,61,1,
391,Monferno,,Fire,Fighting,64,78,52,78,52,81,1,0
392,Infernape,,Fire,Fighting,76,104,71,104,71,108,1,1
393,Piplup,,Water,,53,51,53,61,56,40,1,
394,Prinplup,,Water,,64,66,68,81,76,50,1,
395,Empoleon,,Water,Steel,84,86,88,111,101,60,1,1
396,Starly,,Normal,Flying,40,55,30,30,30,60,1,
397,Staravia,,Normal,Flying,55,75,50,40,40,80,1,
398,Staraptor,,Normal,Flying,85,120,70,50,60,100,1,1
401,Kricketot,,Bug,,37,25,41,25,41,25,1,
402,Kricketune,,Bug,,77,85,51,55,51,65,1,1
403,Shinx,,Electric,,45,65,34,40,34,45,1,
404,Luxio,,Electric,,60,85,49,60,49,60,1,
405,Luxray,,Electric,,80,120,79,95,79,70,1,1
408,Cranidos,,Rock,,67,125,40,30,30,58,1,
409,Rampardos,,Rock,,97,165,60,65,50,58,1,1
410,Shieldon,,Rock,Steel,30,42,118,42,88,30,1,
411,Bastiodon,,Rock,Steel,60,52,168,47,138,30,1,1
415,Combee,,Bug,Flying,30,30,42,30,42,70,1,
416,Vespiquen,,Bug,Flying,70,80,102,80,102,40,1,1
417,Pachirisu,,Electric,,60,45,70,45,90,95,1,1
418,Buizel,,Water,,55,65,35,60,30,85,1,
419,Floatzel,,Water,,85,105,55,85,50,115,1,1
422,Shellos,,Water,,76,48,48,57,62,34,1,
423,Gastrodon,,Water,Ground,111,83,68,92,82,39,1,1
424,Ambipom,,Normal,,75,100,66,60,66,115,1,1
425,Drifloon,,Ghost,Flying,90,50,34,60,44,70,1,
426,Drifblim,,Ghost,Flying,150,80,44,90,54,80,1,1
429,Mismagius,,Ghost,,60,60,60,105,105,105,1,1
430,Honchkrow,,Dark,Flying,100,125,52,105,52,71,1,1
433,Chingling,,Psychic,,45,30,50,65,50,45,1,
434,Stunky,,Poison,Dark,63,63,47,41,41,74,1,
435,Skuntank,,Poison,Dark,103,93,67,71,61,84,1,1
436,Bronzor,,Steel,Psychic,57,24,86,24,86,23,1,
437,Bronzong,,Steel,Psychic,67,89,116,79,116,33,1,1
438,Bonsly,,Rock,,50,80,95,10,45,10,1,
440,Happiny,,Normal,,100,5,5,15,65,30,1,
442,Spiritomb,,Ghost,Dark,50,92,108,92,108,35,1,1
443,Gible,,Dragon,Ground,58,70,45,40,45,42,1,
444,Gabite,,Dragon,Ground,68,90,65,50,55,82,1,
445,Garchomp,,Dragon,Ground,108,130,95,80,85,102,1,1
446,Munchlax,,Normal,,135,85,40,40,85,5,1,
447,Riolu,,Fighting,,40,70,40,35,40,60,1,1
448,Lucario,,Fighting,Steel,70,110,70,115,70,90,1,1
449,Hippopotas,,Ground,,68,72,78,38,42,32,1,
450,Hippowdon,,Ground,,108,112,118,68,72,47,1,1
453,Croagunk,,Poison,Fighting,48,61,40,61,40,50,1,
454,Toxicroak,,Poison,Fighting,83,106,65,86,65,85,1,1
456,Finneon,,Water,,49,49,56,49,61,66,1,
457,Lumineon,,Water,,69,69,76,69,86,91,1,1
459,Snover,,Grass,Ice,60,62,50,62,60,40,1,
460,Abomasnow,,Grass,Ice,90,92,75,92,85,60,1,1
461,Weavile,,Dark,Ice,70,120,65,45,85,125,1,1
462,Magnezone,,Electric,Steel,70,70,115,130,90,60,1,1
464,Rhyperior,,Ground,Rock,115,140,130,55,55,40,1,1
466,Electivire,,Electric,,75,123,67,95,85,95,1,1
467,Magmortar,,Fire,,75,95,67,125,95,83,1,1
469,Yanmega,,Bug,Flying,86,76,86,116,56,95,1,1
470,Leafeon,,Grass,,65,110,130,60,65,95,1,1
471,Glaceon,,Ice,,65,60,110,130,95,65,1,1
472,Gliscor,,Ground,Flying,75,95,125,45,75,95,1,1
473,Mamoswine,,Ice,Ground,110,130,80,70,60,80,1,1
474,Porygon-Z,,Normal,,85,80,70,135,75,90,1,1
475,Gallade,,Psychic,Fighting,68,125,65,65,115,80,1,1
476,Probopass,,Rock,Steel,60,55,145,75,150,40,1,1
477,Dusknoir,,Ghost,,45,100,135,65,135,45,1,1
478,Froslass,,Ice,Ghost,70,80,70,80,70,110,1,1
479,Rotom,,Electric,Ghost,50,50,77,95,77,91,1,1
479,Rotom,Heat Rotom,Electric,Fire,50,65,107,105,107,86,1,1
479,Rotom,Wash Rotom,Electric,Water,50,65,107,105,107,86,1,1
479,Rotom,Frost Rotom,Electric,Ice,50,65,107,105,107,86,1,1
479,Rotom,Fan Rotom,Electric,Flying,50,65,107,105,107,86,1,1
479,Rotom,Mow Rotom,Electric,Grass,50,65,107,105,107,86,1,1
480,Uxie,,Psychic,,75,75,130,75,130,95,1,1
481,Mesprit,,Psychic,,80,105,105,105,105,80,1,1
482,Azelf,,Psychic,,75,125,70,125,70,115,1,1
485,Heatran,,Fire,Steel,91,90,106,130,106,77,1,1
486,Regigigas,,Normal,,110,160,110,80,110,100,1,1
488,Cresselia,,Psychic,,120,70,110,75,120,85,1,1
495,Snivy,,Grass,,45,45,55,45,55,63,1,
496,Servine,,Grass,,60,60,75,60,75,83,1,
497,Serperior,,Grass,,75,75,95,75,95,113,1,1
498,Tepig,,Fire,,65,63,45,45,45,45,1,
499,Pignite,,Fire,Fighting,90,93,55,70,55,55,1,
500,Emboar,,Fire,Fighting,110,123,65,100,65,65,1,1
501,Oshawott,,Water,,55,55,45,63,45,45,1,
502,Dewott,,Water,,75,75,60,83,60,60,1,
503,Samurott,,Water,,95,100,85,108,70,70,1,1
503,Samurott,Hisuian Samurott,Water,Dark,90,108,80,100,65,85,1,
522,Blitzle,,Electric,,45,60,32,50,32,76,1,
523,Zebstrika,,Electric,,75,100,63,80,63,116,1,1
529,Drilbur,,Ground,,60,85,40,30,45,68,1,
530,Excadrill,,Ground,Steel,110,135,60,50,65,88,1,1
532,Timburr,,Fighting,,75,80,55,25,35,35,1,
533,Gurdurr,,Fighting,,85,105,85,40,50,40,1,
534,Conkeldurr,,Fighting,,105,140,95,55,65,45,1,1
540,Sewaddle,,Bug,Grass,45,53,70,40,60,42,1,
541,Swadloon,,Bug,Grass,55,63,90,50,80,42,1,
542,Leavanny,,Bug,Grass,75,103,80,70,80,92,1,1
546,Cottonee,,Grass,Fairy,40,27,60,37,50,66,1,1
547,Whimsicott,,Grass,Fairy,60,67,85,77,75,116,1,1
548,Petilil,,Grass,,45,35,50,70,50,30,1,
549,Lilligant,,Grass,,70,60,75,110,75,90,1,1
549,Lilligant,Hisuian Lilligant,Grass,Fighting,70,105,75,50,75,105,1,1
550,Basculin,Red-Striped Form,Water,,70,92,65,80,55,98,1,
550,Basculin,Blue-Striped Form,Water,,70,92,65,80,55,98,1,
550,Basculin,White-Striped Form,Water,,70,92,65,80,55,98,1,
551,Sandile,,Ground,Dark,50,72,35,35,35,65,1,
552,Krokorok,,Ground,Dark,60,82,45,45,45,74,1,
553,Krookodile,,Ground,Dark,95,117,80,65,70,92,1,1
559,Scraggy,,Dark,Fighting,50,75,70,35,70,48,1,
560,Scrafty,,Dark,Fighting,65,90,115,45,115,58,1,1
570,Zorua,,Dark,,40,65,40,80,40,65,1,
570,Zorua,Hisuian Zorua,Normal,Ghost,35,60,40,85,40,70,1,
571,Zoroark,,Dark,,60,105,60,120,60,105,1,1
571,Zoroark,Hisuian Zoroark,Normal,Ghost,55,100,60,125,60,110,1,1
572,Minccino,,Normal,,55,50,40,40,40,75,1,
573,Cinccino,,Normal,,75,95,60,65,60,115,1,1
574,Gothita,,Psychic,,45,30,50,55,65,45,1,
575,Gothorita,,Psychic,,60,45,70,75,85,55,1,
576,Gothitelle,,Psychic,,70,55,95,95,110,65,1,1
577,Solosis,,Psychic,,45,30,40,105,50,20,1,
578,Duosion,,Psychic,,65,40,50,125,60,30,1,
579,Reuniclus,,Psychic,,110,65,75,125,85,30,1,1
580,Ducklett,,Water,Flying,62,44,50,44,50,55,1,
581,Swanna,,Water,Flying,75,87,63,87,63,98,1,1
585,Deerling,,Normal,Grass,60,60,50,40,50,75,1,
586,Sawsbuck,,Normal,Grass,80,100,70,60,70,95,1,1
590,Foongus,,Grass,Poison,69,55,45,55,55,15,1,
591,Amoonguss,,Grass,Poison,114,85,70,85,80,30,1,1
594,Alomomola,,Water,,165,75,80,40,45,65,1,1
595,Joltik,,Bug,Electric,50,47,50,57,50,65,1,
596,Galvantula,,Bug,Electric,70,77,60,97,60,108,1,1
602,Tynamo,,Electric,,35,55,40,45,40,60,1,
603,Eelektrik,,Electric,,65,85,70,75,70,40,1,
604,Eelektross,,Electric,,85,115,80,105,80,50,1,1
607,Litwick,,Ghost,Fire,50,30,55,65,55,20,1,
608,Lampent,,Ghost,Fire,60,40,60,95,60,55,1,
609,Chandelure,,Ghost,Fire,60,55,90,145,90,80,1,1
610,Axew,,Dragon,,46,87,60,30,40,57,1,
611,Fraxure,,Dragon,,66,117,70,40,50,67,1,
612,Haxorus,,Dragon,,76,147,90,60,70,97,1,1
613,Cubchoo,,Ice,,55,70,40,60,40,40,1,
614,Beartic,,Ice,,95,130,80,70,80,50,1,1
615,Cryogonal,,Ice,,80,50,50,95,135,105,1,1
619,Mienfoo,,Fighting,,45,85,50,55,50,65,1,
620,Mienshao,,Fighting,,65,125,60,95,60,105,1,1
622,Golett,,Ground,Ghost,59,74,50,35,50,35,1,
623,Golurk,,Ground,Ghost,89,124,80,55,80,55,1,1
624,Pawniard,,Dark,Steel,45,85,70,40,40,60,1,
625,Bisharp,,Dark,Steel,65,125,100,60,70,70,1,
627,Rufflet,,Normal,Flying,70,83,50,37,50,60,1,
628,Braviary,,Normal,Flying,100,123,75,57,75,80,1,1
628,Braviary,Hisuian Braviary,Psychic,Flying,110,83,70,112,70,65,1,1
629,Vullaby,,Dark,Flying,70,55,75,45,65,60,1,
630,Mandibuzz,,Dark,Flying,110,65,105,55,95,80,1,1
633,Deino,,Dark,Dragon,52,65,50,45,50,38,1,
634,Zweilous,,Dark,Dragon,72,85,70,65,70,58,1,
635,Hydreigon,,Dark,Dragon,92,105,90,125,90,98,1,1
636,Larvesta,,Bug,Fire,55,85,55,50,55,60,1,
637,Volcarona,,Bug,Fire,85,60,65,135,105,100,1,1
638,Cobalion,,Steel,Fighting,91,90,129,90,72,108,1,1
639,Terrakion,,Rock,Fighting,91,129,90,72,90,108,1,1
640,Virizion,,Grass,Fighting,91,90,72,90,129,108,1,1
641,Tornadus,Incarnate Forme,Flying,,79,115,70,125,80,111,1,1
641,Tornadus,Therian Forme,Flying,,79,100,80,110,90,121,1,1
642,Thundurus,Incarnate Forme,Electric,Flying,79,115,70,125,80,111,1,1
642,Thundurus,Therian Forme,Electric,Flying,79,105,70,145,80,101,1,1
645,Landorus,Incarnate Forme,Ground,Flying,89,125,90,115,80,101,1,1
645,Landorus,Therian Forme,Ground,Flying,89,145,90,105,80,91,1,1
650,Chespin,,Grass,,56,61,65,48,45,38,1,0
651,Quilladin,,Grass,,61,78,95,56,58,57,1,
652,Chesnaught,,Grass,Fighting,88,107,122,74,75,64,1,1
653,Fennekin,,Fire,,40,45,40,62,60,60,1,
654,Braixen,,Fire,,59,59,58,90,70,73,1,
655,Delphox,,Fire,Psychic,75,69,72,114,100,104,1,1
656,Froakie,,Water,,41,56,40,62,44,71,1,
657,Frogadier,,Water,,54,63,52,83,56,97,1,
658,Greninja,,Water,Dark,72,95,67,103,71,122,1,1
661,Fletchling,,Normal,Flying,45,50,43,40,38,62,1,
662,Fletchinder,,Fire,Flying,62,73,55,56,52,84,1,
663,Talonflame,,Fire,Flying,78,81,71,74,69,126,1,1
664,Scatterbug,,Bug,,38,35,40,27,25,35,1,
665,Spewpa,,Bug,,45,22,60,27,30,29,1,
666,Vivillon,,Bug,Flying,80,52,50,90,50,89,1,1
667,Litleo,,Fire,Normal,62,50,58,73,54,72,1,
668,Pyroar,,Fire,Normal,86,68,72,109,66,106,1,1
669,Flabébé,,Fairy,,44,38,39,61,79,42,1,
670,Floette,,Fairy,,54,45,47,75,98,52,1,
671,Florges,,Fairy,,78,65,68,112,154,75,1,1
672,Skiddo,,Grass,,66,65,48,62,57,52,1,
673,Gogoat,,Grass,,123,100,62,97,81,68,1,1
677,Espurr,,Psychic,,62,48,54,63,60,68,1,
678,Meowstic,Male,Psychic,,74,48,76,83,81,104,1,1
678,Meowstic,Female,Psychic,,74,48,76,83,81,104,1,1
686,Inkay,,Dark,Psychic,53,54,53,37,46,45,1,
687,Malamar,,Dark,Psychic,86,92,88,68,75,73,1,1
690,Skrelp,,Poison,Water,50,60,60,60,60,30,1,
691,Dragalge,,Poison,Dragon,65,75,90,97,123,44,1,1
692,Clauncher,,Water,,50,53,62,58,63,44,1,
693,Clawitzer,,Water,,71,73,88,120,89,59,1,1
700,Sylveon,,Fairy,,95,65,65,110,130,60,1,1
701,Hawlucha,,Fighting,Flying,78,92,75,74,63,118,1,1
702,Dedenne,,Electric,Fairy,67,58,57,81,67,101,1,1
703,Carbink,,Rock,Fairy,50,50,150,50,150,50,1,1
704,Goomy,,Dragon,,45,50,35,55,75,40,1,
705,Sliggoo,,Dragon,,68,75,53,83,113,60,1,
705,Sliggoo,Hisuian Sliggoo,Steel,Dragon,58,75,83,83,113,40,1,
706,Goodra,,Dragon,,90,100,70,110,150,80,1,1
706,Goodra,Hisuian Goodra,Steel,Dragon,80,100,100,110,150,60,1,1
707,Klefki,,Steel,Fairy,57,80,91,80,87,75,1,1
708,Phantump,,Ghost,Grass,43,70,48,50,60,38,1,
709,Trevenant,,Ghost,Grass,85,110,76,65,82,56,1,1
712,Bergmite,,Ice,,55,69,85,32,35,28,1,
713,Avalugg,,Ice,,95,117,184,44,46,28,1,1
713,Avalugg,Hisuian Avalugg,Ice,Rock,95,127,184,34,36,38,1,1
714,Noibat,,Flying,Dragon,40,30,35,45,40,55,1,
715,Noivern,,Flying,Dragon,85,70,80,97,80,123,1,1
722,Rowlet,,Grass,Flying,68,55,55,50,50,42,1,
723,Dartrix,,Grass,Flying,78,75,75,70,70,52,1,
724,Decidueye,,Grass,Ghost,78,107,75,100,100,70,1,1
724,Decidueye,Hisuian Decidueye,Grass,Fighting,88,112,80,95,95,60,1,1
725,Litten,,Fire,,45,65,40,60,40,70,1,
726,Torracat,,Fire,,65,85,50,80,50,90,1,
727,Incineroar,,Fire,Dark,95,115,90,80,90,60,1,1
728,Popplio,,Water,,50,54,54,66,56,40,1,
729,Brionne,,Water,,60,69,69,91,81,50,1,
730,Primarina,,Water,Fairy,80,74,74,126,116,60,1,1
731,Pikipek,,Normal,Flying,35,75,30,30,30,65,1,
732,Trumbeak,,Normal,Flying,55,85,50,40,50,75,1,
733,Toucannon,,Normal,Flying,80,120,75,75,75,60,1,1
734,Yungoos,,Normal,,48,70,30,30,30,45,1,
735,Gumshoos,,Normal,,88,110,60,55,60,45,1,1
736,Grubbin,,Bug,,47,62,45,55,45,46,1,
737,Charjabug,,Bug,Electric,57,82,95,55,75,36,1,1
738,Vikavolt,,Bug,Electric,77,70,90,145,75,43,1,1
739,Crabrawler,,Fighting,,47,82,57,42,47,63,1,
740,Crabominable,,Fighting,Ice,97,132,77,62,67,43,1,1
741,Oricorio,Baile Style,Fire,Flying,75,70,70,98,70,93,1,1
741,Oricorio,Pom-Pom Style,Electric,Flying,75,70,70,98,70,93,1,1
741,Oricorio,Pa'u Style,Psychic,Flying,75,70,70,98,70,93,1,1
741,Oricorio,Sensu Style,Ghost,Flying,75,70,70,98,70,93,1,1
742,Cutiefly,,Bug,Fairy,40,45,40,55,40,84,1,0
743,Ribombee,,Bug,Fairy,60,55,60,95,70,124,1,1
744,Rockruff,,Rock,,45,65,40,30,40,60,1,
744,Rockruff,Own Tempo Rockruff,Rock,,45,65,40,30,40,60,1,
745,Lycanroc,Midday Form,Rock,,75,115,65,55,65,112,1,1
745,Lycanroc,Midnight Form,Rock,,85,115,75,55,75,82,1,1
745,Lycanroc,Dusk Form,Rock,,75,117,65,55,65,110,1,1
747,Mareanie,,Poison,Water,50,53,62,43,52,45,1,
748,Toxapex,,Poison,Water,50,63,152,53,142,35,1,1
749,Mudbray,,Ground,,70,100,70,45,55,45,1,
750,Mudsdale,,Ground,,100,125,100,55,85,35,1,1
751,Dewpider,,Water,Bug,38,40,52,40,72,27,1,
752,Araquanid,,Water,Bug,68,70,92,50,132,42,1,1
753,Fomantis,,Grass,,40,55,35,50,35,35,1,
754,Lurantis,,Grass,,70,105,90,80,90,45,1,1
757,Salandit,,Poison,Fire,48,44,40,71,40,77,1,
758,Salazzle,,Poison,Fire,68,64,60,111,60,117,1,1
761,Bounsweet,,Grass,,42,30,38,30,38,32,1,
762,Steenee,,Grass,,52,40,48,40,48,62,1,
763,Tsareena,,Grass,,72,120,98,50,98,72,1,1
764,Comfey,,Fairy,,51,52,90,82,110,100,1,1
765,Oranguru,,Normal,Psychic,90,60,80,90,110,60,1,1
766,Passimian,,Fighting,,100,120,90,40,60,80,1,1
769,Sandygast,,Ghost,Ground,55,55,80,70,45,15,1,
770,Palossand,,Ghost,Ground,85,75,110,100,75,35,1,1
774,Minior,Meteor Form,Rock,Flying,60,60,100,60,100,60,1,1
774,Minior,Core Form,Rock,Flying,60,100,60,100,60,120,1,1
775,Komala,,Normal,,65,115,65,75,95,65,1,1
778,Mimikyu,,Ghost,Fairy,55,90,80,50,105,96,1,1
779,Bruxish,,Water,Psychic,68,105,70,70,70,92,1,1
782,Jangmo-o,,Dragon,,45,55,65,45,45,45,1,
783,Hakamo-o,,Dragon,Fighting,55,75,90,65,70,65,1,
784,Kommo-o,,Dragon,Fighting,75,110,125,100,105,85,1,1
810,Grookey,,Grass,,50,65,50,40,40,65,1,
811,Thwackey,,Grass,,70,85,70,55,60,80,1,
812,Rillaboom,,Grass,,100,125,90,60,70,85,1,1
813,Scorbunny,,Fire,,50,71,40,40,40,69,1,
814,Raboot,,Fire,,65,86,60,55,60,94,1,
815,Cinderace,,Fire,,80,116,75,65,75,119,1,1
816,Sobble,,Water,,50,40,40,70,40,70,1,
817,Drizzile,,Water,,65,60,55,95,55,90,1,
818,Inteleon,,Water,,70,85,65,125,65,120,1,1
819,Skwovet,,Normal,,70,55,55,35,35,25,1,
820,Greedent,,Normal,,120,95,95,55,75,20,1,1
821,Rookidee,,Flying,,38,47,35,33,35,57,1,
822,Corvisquire,,Flying,,68,67,55,43,55,77,1,
823,Corviknight,,Flying,Steel,98,87,105,53,85,67,1,1
833,Chewtle,,Water,,50,64,50,38,38,44,1,
834,Drednaw,,Water,Rock,90,115,90,48,68,74,1,1
837,Rolycoly,,Rock,,30,40,50,40,50,30,1,
838,Carkol,,Rock,Fire,80,60,90,60,70,50,1,
839,Coalossal,,Rock,Fire,110,80,120,80,90,30,1,1
840,Applin,,Grass,Dragon,40,40,80,40,40,20,1,
841,Flapple,,Grass,Dragon,70,110,80,95,60,70,1,
842,Appletun,,Grass,Dragon,110,85,80,100,80,30,1,1
843,Silicobra,,Ground,,52,57,75,35,50,46,1,
844,Sandaconda,,Ground,,72,107,125,65,70,71,1,1
845,Cramorant,,Flying,Water,70,85,55,85,95,85,1,1
846,Arrokuda,,Water,,41,63,40,40,30,66,1,
847,Barraskewda,,Water,,61,123,60,60,50,136,1,1
848,Toxel,,Electric,Poison,40,38,35,54,35,40,1,
849,Toxtricity,Amped Form,Electric,Poison,75,98,70,114,70,75,1,1
849,Toxtricity,Low Key Form,Electric,Poison,75,98,70,114,70,75,1,1
854,Sinistea,,Ghost,,40,45,45,74,54,50,1,
855,Polteageist,,Ghost,,60,65,65,134,114,70,1,1
856,Hatenna,,Psychic,,42,30,45,56,53,39,1,
857,Hattrem,,Psychic,,57,40,65,86,73,49,1,
858,Hatterene,,Psychic,Fairy,57,90,95,136,103,29,1,1
859,Impidimp,,Dark,Fairy,45,45,30,55,40,50,1,
860,Morgrem,,Dark,Fairy,65,60,45,75,55,70,1,
861,Grimmsnarl,,Dark,Fairy,95,120,65,95,75,60,1,1
863,Perrserker,,Steel,,70,110,100,50,60,50,1,1
868,Milcery,,Fairy,,45,40,40,50,61,34,1,0
869,Alcremie,,Fairy,,65,60,75,110,121,64,1,1
871,Pincurchin,,Electric,,48,101,95,91,85,15,1,1
872,Snom,,Ice,Bug,30,25,35,45,30,20,1,
873,Frosmoth,,Ice,Bug,70,65,60,125,90,65,1,1
874,Stonjourner,,Rock,,100,125,135,20,20,70,1,1
875,Eiscue,Ice Face,Ice,,75,80,110,65,90,50,1,1
875,Eiscue,Noice Face,Ice,,75,80,70,65,50,130,1,1
876,Indeedee,Male,Psychic,Normal,60,65,55,105,95,95,1,1
876,Indeedee,Female,Psychic,Normal,70,55,65,95,105,85,1,1
877,Morpeko,Full Belly Mode,Electric,Dark,58,95,58,70,58,97,1,1
877,Morpeko,Hangry Mode,Electric,Dark,58,95,58,70,58,97,1,1
878,Cufant,,Steel,,72,80,49,40,49,40,1,0
879,Copperajah,,Steel,,122,130,69,80,69,30,1,1
884,Duraludon,,Steel,Dragon,70,95,115,120,50,85,1,1
885,Dreepy,,Dragon,Ghost,28,60,30,40,30,82,1,
886,Drakloak,,Dragon,Ghost,68,80,50,60,50,102,1,
887,Dragapult,,Dragon,Ghost,88,120,75,100,75,142,1,1
891,Kubfu,,Fighting,,60,90,60,53,50,72,1,
892,Urshifu,Single Strike Style,Fighting,Dark,100,130,100,63,60,97,1,1
892,Urshifu,Rapid Strike Style,Fighting,Water,100,130,100,63,60,97,1,1
894,Regieleki,,Electric,,80,100,50,100,50,200,1,1
895,Regidrago,,Dragon,,200,100,50,100,50,80,1,1
896,Glastrier,,Ice,,100,145,130,65,110,30,1,1
897,Spectrier,,Ghost,,100,65,60,145,80,130,1,1
899,Wyrdeer,,Normal,Psychic,103,105,72,105,75,65,1,1
900,Kleavor,,Bug,Rock,70,135,95,45,70,85,1,1
901,Ursaluna,,Ground,Normal,130,140,105,45,80,50,1,1
901,Ursaluna,Bloodmoon,Ground,Normal,113,70,120,135,65,52,1,1
902,Basculegion,Male,Water,Ghost,120,112,65,80,75,78,1,1
902,Basculegion,Female,Water,Ghost,120,92,65,100,75,78,1,1
903,Sneasler,,Fighting,Poison,80,130,60,40,80,120,1,1
904,Overqwil,,Dark,Poison,85,115,95,65,65,85,1,1
905,Enamorus,Incarnate Forme,Fairy,Flying,74,115,70,135,80,106,1,1
905,Enamorus,Therian Forme,Fairy,Flying,74,115,110,135,100,46,1,1
906,Sprigatito,,Grass,,40,61,54,45,45,65,1,
907,Floragato,,Grass,,61,80,63,60,63,83,1,
908,Meowscarada,,Grass,Dark,76,110,70,81,70,123,1,1
909,Fuecoco,,Fire,,67,45,59,63,40,36,1,
910,Crocalor,,Fire,,81,55,78,90,58,49,1,
911,Skeledirge,,Fire,Ghost,104,75,100,110,75,66,1,1
912,Quaxly,,Water,,55,65,45,50,45,50,1,
913,Quaxwell,,Water,,70,85,65,65,60,65,1,
914,Quaquaval,,Water,Fighting,85,120,80,85,75,85,1,1
915,Lechonk,,Normal,,54,45,40,35,45,35,1,
916,Oinkologne,Male,Normal,,110,100,75,59,80,65,1,1
916,Oinkologne,Female,Normal,,115,90,70,59,90,65,1,1
917,Tarountula,,Bug,,35,41,45,29,40,20,1,
918,Spidops,,Bug,,60,79,92,52,86,35,1,1
919,Nymble,,Bug,,33,46,40,21,25,45,1,
920,Lokix,,Bug,Dark,71,102,78,52,55,92,1,1
921,Pawmi,,Electric,,45,50,20,40,25,60,1,
922,Pawmo,,Electric,Fighting,60,75,40,50,40,85,1,
923,Pawmot,,Electric,Fighting,70,115,70,70,60,105,1,1
924,Tandemaus,,Normal,,50,50,45,40,45,75,1,
925,Maushold,Family of Four,Normal,,74,75,70,65,75,111,1,1
925,Maushold,Family of Three,Normal,,74,75,70,65,75,111,1,1
926,Fidough,,Fairy,,37,55,70,30,55,65,1,
927,Dachsbun,,Fairy,,57,80,115,50,80,95,1,1
928,Smoliv,,Grass,Normal,41,35,45,58,51,30,1,
929,Dolliv,,Grass,Normal,52,53,60,78,78,33,1,
930,Arboliva,,Grass,Normal,78,69,90,125,109,39,1,1
931,Squawkabilly,Green Plumage,Normal,Flying,82,96,51,45,51,92,1,1
931,Squawkabilly,Blue Plumage,Normal,Flying,82,96,51,45,51,92,1,1
931,Squawkabilly,Yellow Plumage,Normal,Flying,82,96,51,45,51,92,1,1
931,Squawkabilly,White Plumage,Normal,Flying,82,96,51,45,51,92,1,1
932,Nacli,,Rock,,55,55,75,35,35,25,1,
933,Naclstack,,Rock,,60,60,100,35,65,35,1,
934,Garganacl,,Rock,,100,100,130,45,90,35,1,1
935,Charcadet,,Fire,,40,50,40,50,40,35,1,
936,Armarouge,,Fire,Psychic,85,60,100,125,80,75,1,1
937,Ceruledge,,Fire,Ghost,75,125,80,60,100,85,1,1
938,Tadbulb,,Electric,,61,31,41,59,35,45,1,
939,Bellibolt,,Electric,,109,64,91,103,83,45,1,1
940,Wattrel,,Electric,Flying,40,40,35,55,40,70,1,
941,Kilowattrel,,Electric,Flying,70,70,60,105,60,125,1,1
942,Maschiff,,Dark,,60,78,60,40,51,51,1,
943,Mabosstiff,,Dark,,80,120,90,60,70,85,1,1
944,Shroodle,,Poison,Normal,40,65,35,40,35,75,1,
945,Grafaiai,,Poison,Normal,63,95,65,80,72,110,1,1
946,Bramblin,,Grass,Ghost,40,65,30,45,35,60,1,
947,Brambleghast,,Grass,Ghost,55,115,70,80,70,90,1,1
948,Toedscool,,Ground,Grass,40,40,35,50,100,70,1,
949,Toedscruel,,Ground,Grass,80,70,65,80,120,100,1,1
950,Klawf,,Rock,,70,100,115,35,55,75,1,1
951,Capsakid,,Grass,,50,62,40,62,40,50,1,
952,Scovillain,,Grass,Fire,65,108,65,108,65,75,1,1
953,Rellor,,Bug,,41,50,60,31,58,30,1,
954,Rabsca,,Bug,Psychic,75,50,85,115,100,45,1,1
955,Flittle,,Psychic,,30,35,30,55,30,75,1,
956,Espathra,,Psychic,,95,60,60,101,60,105,1,1
957,Tinkatink,,Fairy,Steel,50,45,45,35,64,58,1,
958,Tinkatuff,,Fairy,Steel,65,55,55,45,82,78,1,
959,Tinkaton,,Fairy,Steel,85,75,77,70,105,94,1,1
960,Wiglett,,Water,,10,55,25,35,25,95,1,
961,Wugtrio,,Water,,35,100,50,50,70,120,1,1
962,Bombirdier,,Flying,Dark,70,103,85,60,85,82,1,1
963,Finizen,,Water,,70,45,40,45,40,75,1,
964,Palafin,Zero Form,Water,,100,70,72,53,62,100,1,1
964,Palafin,Hero Form,Water,,100,160,97,106,87,100,1,1
965,Varoom,,Steel,Poison,45,70,63,30,45,47,1,
966,Revavroom,,Steel,Poison,80,119,90,54,67,90,1,1
967,Cyclizar,,Dragon,Normal,70,95,65,85,65,121,1,1
968,Orthworm,,Steel,,70,85,145,60,55,65,1,1
969,Glimmet,,Rock,Poison,48,35,42,105,60,60,1,
970,Glimmora,,Rock,Poison,83,55,90,130,81,86,1,1
971,Greavard,,Ghost,,50,61,60,30,55,34,1,
972,Houndstone,,Ghost,,72,101,100,50,97,68,1,1
973,Flamigo,,Flying,Fighting,82,115,74,75,64,90,1,1
974,Cetoddle,,Ice,,108,68,45,30,40,43,1,
975,Cetitan,,Ice,,170,113,65,45,55,73,1,1
976,Veluza,,Water,Psychic,90,102,73,78,65,70,1,1
977,Dondozo,,Water,,150,100,115,65,65,35,1,1
978,Tatsugiri,Curly Form,Dragon,Water,68,50,60,120,95,82,1,1
978,Tatsugiri,Droopy Form,Dragon,Water,68,50,60,120,95,82,1,1
978,Tatsugiri,Stretchy Form,Dragon,Water,68,50,60,120,95,82,1,1
979,Annihilape,,Fighting,Ghost,110,115,80,50,90,90,1,1
980,Clodsire,,Poison,Ground,130,75,60,45,100,20,1,1
981,Farigiraf,,Normal,Psychic,120,90,70,110,70,60,1,1
982,Dudunsparce,Two-Segment Form,Normal,,125,100,80,85,75,55,1,1
982,Dudunsparce,Three-Segment Form,Normal,,125,100,80,85,75,55,1,1
983,Kingambit,,Dark,Steel,100,135,120,60,85,50,1,1
984,Great Tusk,,Ground,Fighting,115,131,131,53,53,87,1,1
985,Scream Tail,,Fairy,Psychic,115,65,99,65,115,111,1,1
986,Brute Bonnet,,Grass,Dark,111,127,99,79,99,55,1,1
987,Flutter Mane,,Ghost,Fairy,55,55,55,135,135,135,1,1
988,Slither Wing,,Bug,Fighting,85,135,79,85,105,81,1,1
989,Sandy Shocks,,Electric,Ground,85,81,97,121,85,101,1,1
990,Iron Treads,,Ground,Steel,90,112,120,72,70,106,1,1
991,Iron Bundle,,Ice,Water,56,80,114,124,60,136,1,1
992,Iron Hands,,Fighting,Electric,154,140,108,50,68,50,1,1
993,Iron Jugulis,,Dark,Flying,94,80,86,122,80,108,1,1
994,Iron Moth,,Fire,Poison,80,70,60,140,110,110,1,1
995,Iron Thorns,,Rock,Electric,100,134,110,70,84,72,1,1
996,Frigibax,,Dragon,Ice,65,75,45,35,45,55,1,0
997,Arctibax,,Dragon,Ice,90,95,66,45,65,62,1,0
998,Baxcalibur,,Dragon,Ice,115,145,92,75,86,87,1,1
999,Gimmighoul,Chest Form,Ghost,,45,30,70,75,70,10,1,1
999,Gimmighoul,Roaming Form,Ghost,,45,30,25,75,45,80,1,
1000,Gholdengo,,Steel,Ghost,87,60,95,133,91,84,1,1
1001,Wo-Chien,,Dark,Grass,85,85,100,95,135,70,1,1
1002,Chien-Pao,,Dark,Ice,80,120,80,90,65,135,1,1
1003,Ting-Lu,,Dark,Ground,155,110,125,55,80,45,1,1
1004,Chi-Yu,,Dark,Fire,55,80,80,135,120,100,1,1
1005,Roaring Moon,,Dragon,Dark,105,139,71,55,101,119,1,1
1006,Iron Valiant,,Fairy,Fighting,74,130,90,120,60,116,1,1
1009,Walking Wake,,Water,Dragon,99,83,91,125,83,109,1,1
1010,Iron Leaves,,Grass,Psychic,90,130,88,70,108,104,1,1
1011,Dipplin,,Grass,Dragon,80,80,110,95,80,40,1,0
1012,Poltchageist,,Grass,Ghost,40,45,45,74,54,50,1,0
1013,Sinistcha,,Grass,Ghost,71,60,106,121,80,70,1,1
1014,Okidogi,,Poison,Fighting,88,128,115,58,86,80,1,1
1015,Munkidori,,Poison,Psychic,88,75,66,130,90,106,1,1
1016,Fezandipiti,,Poison,Fairy,88,91,82,70,125,99,1,1
1017,Ogerpon,Teal Mask,Grass,,80,120,84,60,96,110,1,1
1017,Ogerpon,Wellspring Mask,Grass,Water,80,120,84,60,96,110,1,1
1017,Ogerpon,Hearthflame Mask,Grass,Fire,80,120,84,60,96,110,1,1
1017,Ogerpon,Cornerstone Mask,Grass,Rock,80,120,84,60,96,110,1,1
1018,Archaludon,,Steel,Dragon,90,105,130,125,65,85,1,1
1019,Hydrapple,,Grass,Dragon,106,80,110,120,80,44,1,1
1020,Gouging Fire,,Fire,Dragon,105,115,121,65,93,91,1,1
1021,Raging Bolt,,Electric,Dragon,125,73,91,137,89,75,1,1
1022,Iron Boulder,,Rock,Psychic,90,120,80,68,108,124,1,1
1023,Iron Crown,,Steel,Psychic,90,72,100,122,108,98,1,1
3,Venusaur,Mega Venusaur,Grass,Poison,80,100,123,122,120,80,0,
6,Charizard,Mega Charizard X,Fire,Dragon,78,130,111,130,85,100,0,
6,Charizard,Mega Charizard Y,Fire,Flying,78,104,78,159,115,100,0,
9,Blastoise,Mega Blastoise,Water,,79,103,120,135,115,78,0,
10,Caterpie,,Bug,,45,30,35,20,20,45,0,
11,Metapod,,Bug,,50,20,55,25,25,30,0,
12,Butterfree,,Bug,Flying,60,45,50,90,80,70,0,
13,Weedle,,Bug,Poison,40,35,30,20,20,50,0,
14,Kakuna,,Bug,Poison,45,25,50,25,25,35,0,
15,Beedrill,,Bug,Poison,65,90,40,45,80,75,0,
15,Beedrill,Mega Beedrill,Bug,Poison,65,150,40,15,80,145,0,
16,Pidgey,,Normal,Flying,40,45,40,35,35,56,0,
17,Pidgeotto,,Normal,Flying,63,60,55,50,50,71,0,
18,Pidgeot,,Normal,Flying,83,80,75,70,70,101,0,
18,Pidgeot,Mega Pidgeot,Normal,Flying,83,80,80,135,80,121,0,
19,Rattata,,Normal,,30,56,35,25,35,72,0,
19,Rattata,Alolan Rattata,Dark,Normal,30,56,35,25,35,72,0,
20,Raticate,,Normal,,55,81,60,50,70,97,0,
20,Raticate,Alolan Raticate,Dark,Normal,75,71,70,40,80,77,0,
21,Spearow,,Normal,Flying,40,60,30,31,31,70,0,
22,Fearow,,Normal,Flying,65,90,65,61,61,100,0,
25,Pikachu,Partner Pikachu,Electric,,45,80,50,75,60,120,0,
26,Raichu,Alolan Raichu,Electric,Psychic,60,85,50,95,85,110,0,
29,Nidoran♀,,Poison,,55,47,52,40,40,41,0,
30,Nidorina,,Poison,,70,62,67,55,55,56,0,
31,Nidoqueen,,Poison,Ground,90,92,87,75,85,76,0,
32,Nidoran♂,,Poison,,46,57,40,40,40,50,0,
33,Nidorino,,Poison,,61,72,57,55,55,65,0,
34,Nidoking,,Poison,Ground,81,102,77,85,75,85,0,
41,Zubat,,Poison,Flying,40,45,35,30,40,55,0,
42,Golbat,,Poison,Flying,75,80,70,65,75,90,0,
46,Paras,,Bug,Grass,35,70,55,45,55,25,0,
47,Parasect,,Bug,Grass,60,95,80,60,80,30,0,
50,Diglett,Alolan Diglett,Ground,Steel,10,55,30,35,45,90,0,
51,Dugtrio,Alolan Dugtrio,Ground,Steel,35,100,60,50,70,110,0,
63,Abra,,Psychic,,25,20,15,105,55,90,0,
64,Kadabra,,Psychic,,40,35,30,120,70,105,0,
65,Alakazam,,Psychic,,55,50,45,135,95,120,0,
65,Alakazam,Mega Alakazam,Psychic,,55,50,65,175,105,150,0,
66,Machop,,Fighting,,70,80,50,35,35,35,0,
67,Machoke,,Fighting,,80,100,70,50,60,45,0,
68,Machamp,,Fighting,,90,130,80,65,85,55,0,
77,Ponyta,,Fire,,50,85,55,65,65,90,0,
77,Ponyta,Galarian Ponyta,Psychic,,50,85,55,65,65,90,0,
78,Rapidash,,Fire,,65,100,70,80,80,105,0,
78,Rapidash,Galarian Rapidash,Psychic,Fairy,65,100,70,80,80,105,0,
80,Slowbro,Mega Slowbro,Water,Psychic,95,75,180,130,80,30,0,
83,Farfetch'd,,Normal,Flying,52,90,55,58,62,60,0,
83,Farfetch'd,Galarian Farfetch'd,Fighting,,52,95,55,58,62,55,0,
94,Gengar,Mega Gengar,Ghost,Poison,60,65,80,170,95,130,0,
95,Onix,,Rock,Ground,35,45,160,30,45,70,0,
98,Krabby,,Water,,30,105,90,25,25,50,0,
99,Kingler,,Water,,55,130,115,50,50,75,0,
104,Cubone,,Ground,,50,50,95,40,50,35,0,
105,Marowak,,Ground,,60,80,110,50,80,45,0,
105,Marowak,Alolan Marowak,Fire,Ghost,60,80,110,50,80,45,0,
108,Lickitung,,Normal,,90,55,75,60,75,30,0,
114,Tangela,,Grass,,65,55,115,100,40,60,0,
115,Kangaskhan,,Normal,,105,95,80,40,80,90,0,
115,Kangaskhan,Mega Kangaskhan,Normal,,105,125,100,60,100,100,0,
118,Goldeen,,Water,,45,67,60,35,50,63,0,
119,Seaking,,Water,,80,92,65,65,80,68,0,
120,Staryu,,Water,,30,45,55,70,55,85,0,
121,Starmie,,Water,Psychic,60,75,85,100,85,115,0,
122,Mr. Mime,,Psychic,Fairy,40,45,65,100,120,90,0,
122,Mr. Mime,Galarian Mr. Mime,Ice,Psychic,50,65,65,90,90,100,0,
124,Jynx,,Ice,Psychic,65,50,35,115,95,95,0,
127,Pinsir,,Bug,,65,125,100,55,70,85,0,
127,Pinsir,Mega Pinsir,Bug,Flying,65,155,120,65,90,105,0,
130,Gyarados,Mega Gyarados,Water,Dark,95,155,109,70,130,81,0,
133,Eevee,Partner Eevee,Normal,,65,75,70,65,85,75,0,
138,Omanyte,,Rock,Water,35,40,100,90,55,35,0,
139,Omastar,,Rock,Water,70,60,125,115,70,55,0,
140,Kabuto,,Rock,Water,30,80,90,55,45,55,0,
141,Kabutops,,Rock,Water,60,115,105,65,70,80,0,
142,Aerodactyl,,Rock,Flying,80,105,65,60,75,130,0,
142,Aerodactyl,Mega Aerodactyl,Rock,Flying,80,135,85,70,95,150,0,
150,Mewtwo,,Psychic,,106,110,90,154,90,130,1,
150,Mewtwo,Mega Mewtwo X,Psychic,Fighting,106,190,100,154,100,130,0,
150,Mewtwo,Mega Mewtwo Y,Psychic,,106,150,70,194,120,140,0,
151,Mew,,Psychic,,100,100,100,100,100,100,0,
165,Ledyba,,Bug,Flying,40,20,30,40,80,55,0,
166,Ledian,,Bug,Flying,55,35,50,55,110,85,0,
169,Crobat,,Poison,Flying,85,90,80,70,80,130,0,
175,Togepi,,Fairy,,35,20,65,40,65,20,0,
176,Togetic,,Fairy,Flying,55,40,85,80,105,40,0,
177,Natu,,Psychic,Flying,40,50,45,70,45,70,0,
178,Xatu,,Psychic,Flying,65,75,70,95,70,95,0,
181,Ampharos,Mega Ampharos,Electric,Dragon,90,95,105,165,110,45,0,
201,Unown,,Psychic,,48,72,48,72,48,48,0,
202,Wobbuffet,,Psychic,,190,33,58,33,58,33,0,
208,Steelix,,Steel,Ground,75,85,200,55,65,30,0,
208,Steelix,Mega Steelix,Steel,Ground,75,125,230,55,95,30,0,
212,Scizor,Mega Scizor,Bug,Steel,70,150,140,65,100,75,0,
213,Shuckle,,Bug,Rock,20,10,230,10,230,5,0,
214,Heracross,Mega Heracross,Bug,Fighting,80,185,115,40,105,75,0,
222,Corsola,,Water,Rock,65,55,95,65,95,35,0,
222,Corsola,Galarian Corsola,Ghost,,60,55,100,65,100,30,0,
223,Remoraid,,Water,,35,65,35,65,35,65,0,
224,Octillery,,Water,,75,105,75,105,75,45,0,
226,Mantine,,Water,Flying,85,40,70,80,140,70,0,
229,Houndoom,Mega Houndoom,Dark,Fire,75,90,90,140,90,115,0,
238,Smoochum,,Ice,Psychic,45,30,15,85,65,65,0,
241,Miltank,,Normal,,95,80,105,40,70,100,0,
248,Tyranitar,Mega Tyranitar,Rock,Dark,100,164,150,95,120,71,0,
249,Lugia,,Psychic,Flying,106,90,130,90,154,110,1,
250,Ho-oh,,Fire,Flying,106,130,90,110,154,90,1,
251,Celebi,,Psychic,Grass,100,100,100,100,100,100,0,
254,Sceptile,Mega Sceptile,Grass,Dragon,70,110,75,145,85,145,0,
257,Blaziken,Mega Blaziken,Fire,Fighting,80,160,80,130,80,100,0,
260,Swampert,Mega Swampert,Water,Ground,100,150,110,95,110,70,0,
263,Zigzagoon,,Normal,,38,30,41,30,41,60,0,
263,Zigzagoon,Galarian Zigzagoon,Dark,Normal,38,30,41,30,41,60,0,
264,Linoone,,Normal,,78,70,61,50,61,100,0,
264,Linoone,Galarian Linoone,Dark,Normal,78,70,61,50,61,100,0,
265,Wurmple,,Bug,,45,45,35,20,30,20,0,
266,Silcoon,,Bug,,50,35,55,25,25,15,0,
267,Beautifly,,Bug,Flying,60,70,50,100,50,65,0,
268,Cascoon,,Bug,,50,35,55,25,25,15,0,
269,Dustox,,Bug,Poison,60,50,70,50,90,65,0,
276,Taillow,,Normal,Flying,40,55,30,30,30,85,0,
277,Swellow,,Normal,Flying,60,85,60,75,50,125,0,
282,Gardevoir,Mega Gardevoir,Psychic,Fairy,68,85,65,165,135,100,0,
290,Nincada,,Bug,Ground,31,45,90,30,30,40,0,
291,Ninjask,,Bug,Flying,61,90,45,50,50,160,0,
292,Shedinja,,Bug,Ghost,1,90,45,30,30,40,0,
293,Whismur,,Normal,,64,51,23,51,23,28,0,
294,Loudred,,Normal,,84,71,43,71,43,48,0,
295,Exploud,,Normal,,104,91,63,91,73,68,0,
300,Skitty,,Normal,,50,45,45,35,35,50,0,
301,Delcatty,,Normal,,70,65,65,55,55,90,0,
302,Sableye,Mega Sableye,Dark,Ghost,50,85,125,85,115,20,0,
303,Mawile,,Steel,Fairy,50,85,85,55,55,50,0,
303,Mawile,Mega Mawile,Steel,Fairy,50,105,125,55,95,50,0,
304,Aron,,Steel,Rock,50,70,100,40,40,30,0,
305,Lairon,,Steel,Rock,60,90,140,50,50,40,0,
306,Aggron,,Steel,Rock,70,110,180,60,60,50,0,
306,Aggron,Mega Aggron,Steel,,70,140,230,60,80,50,0,
308,Medicham,Mega Medicham,Fighting,Psychic,60,100,85,80,85,100,0,
309,Electrike,,Electric,,40,45,40,65,40,65,0,
310,Manectric,,Electric,,70,75,60,105,60,105,0,
310,Manectric,Mega Manectric,Electric,,70,75,80,135,80,135,0,
315,Roselia,,Grass,Poison,50,60,45,100,80,65,0,
318,Carvanha,,Water,Dark,45,90,20,65,20,65,0,
319,Sharpedo,,Water,Dark,70,120,40,95,40,95,0,
319,Sharpedo,Mega Sharpedo,Water,Dark,70,140,70,110,65,105,0,
320,Wailmer,,Water,,130,70,35,70,35,60,0,
321,Wailord,,Water,,170,90,45,90,45,60,0,
323,Camerupt,Mega Camerupt,Fire,Ground,70,120,100,145,105,20,0,
327,Spinda,,Normal,,60,60,60,60,60,60,0,
334,Altaria,Mega Altaria,Dragon,Fairy,75,110,110,110,105,80,0,
337,Lunatone,,Rock,Psychic,90,55,65,95,85,70,0,
338,Solrock,,Rock,Psychic,90,95,85,55,65,70,0,
343,Baltoy,,Ground,Psychic,40,40,55,40,70,55,0,
344,Claydol,,Ground,Psychic,60,70,105,70,120,75,0,
345,Lileep,,Rock,Grass,66,41,77,61,87,23,0,
346,Cradily,,Rock,Grass,86,81,97,81,107,43,0,
347,Anorith,,Rock,Bug,45,95,50,40,50,75,0,
348,Armaldo,,Rock,Bug,75,125,100,70,80,45,0,
351,Castform,,Normal,,70,70,70,70,70,70,0,
351,Castform,Sunny Form,Fire,,70,70,70,70,70,70,0,
351,Castform,Rainy Form,Water,,70,70,70,70,70,70,0,
351,Castform,Snowy Form,Ice,,70,70,70,70,70,70,0,
352,Kecleon,,Normal,,60,90,70,60,120,40,0,
354,Banette,Mega Banette,Ghost,,64,165,75,93,83,75,0,
359,Absol,,Dark,,65,130,60,75,60,75,0,
359,Absol,Mega Absol,Dark,,65,150,60,115,60,115,0,
360,Wynaut,,Psychic,,95,23,48,23,48,23,0,
362,Glalie,Mega Glalie,Ice,,80,120,80,120,80,100,0,
363,Spheal,,Ice,Water,70,40,50,55,50,25,0,
364,Sealeo,,Ice,Water,90,60,70,75,70,45,0,
365,Walrein,,Ice,Water,110,80,90,95,90,65,0,
366,Clamperl,,Water,,35,64,85,74,55,32,0,
367,Huntail,,Water,,55,104,105,94,75,52,0,
368,Gorebyss,,Water,,55,84,105,114,75,52,0,
369,Relicanth,,Water,Rock,100,90,130,45,65,55,0,
373,Salamence,Mega Salamence,Dragon,Flying,95,145,130,120,90,120,0,
376,Metagross,Mega Metagross,Steel,Psychic,80,145,150,105,110,110,0,
380,Latias,Mega Latias,Dragon,Psychic,80,100,120,140,150,110,0,
381,Latios,Mega Latios,Dragon,Psychic,80,130,100,160,120,110,0,
382,Kyogre,,Water,,100,100,90,150,140,90,1,
382,Kyogre,Primal Kyogre,Water,,100,150,90,180,160,90,0,
383,Groudon,,Ground,,100,150,140,100,90,90,1,
383,Groudon,Primal Groudon,Ground,Fire,100,180,160,150,90,90,0,
384,Rayquaza,,Dragon,Flying,105,150,90,150,90,95,1,
384,Rayquaza,Mega Rayquaza,Dragon,Flying,105,180,100,180,100,115,0,
385,Jirachi,,Steel,Psychic,100,100,100,100,100,100,0,
386,Deoxys,Normal Forme,Psychic,,50,150,50,150,50,150,0,
386,Deoxys,Attack Forme,Psychic,,50,180,20,180,20,150,0,
386,Deoxys,Defense Forme,Psychic,,50,70,160,70,160,90,0,
386,Deoxys,Speed Forme,Psychic,,50,95,90,95,90,180,0,
399,Bidoof,,Normal,,59,45,40,35,40,31,0,
400,Bibarel,,Normal,Water,79,85,60,55,60,71,0,
406,Budew,,Grass,Poison,40,30,35,50,70,55,0,
407,Roserade,,Grass,Poison,60,70,65,125,105,90,0,
412,Burmy,Plant Cloak,Bug,,40,29,45,29,45,36,0,
412,Burmy,Sandy Cloak,Bug,,40,29,45,29,45,36,0,
412,Burmy,Trash Cloak,Bug,,40,29,45,29,45,36,0,
413,Wormadam,Plant Cloak,Bug,Grass,60,59,85,79,105,36,0,
413,Wormadam,Sandy Cloak,Bug,Ground,60,79,105,59,85,36,0,
413,Wormadam,Trash Cloak,Bug,Steel,60,69,95,69,95,36,0,
414,Mothim,,Bug,Flying,70,94,50,94,50,66,0,
420,Cherubi,,Grass,,45,35,45,62,53,35,0,
421,Cherrim,,Grass,,70,60,70,87,78,85,0,
427,Buneary,,Normal,,55,66,44,44,56,85,0,
428,Lopunny,,Normal,,65,76,84,54,96,105,0,
428,Lopunny,Mega Lopunny,Normal,Fighting,65,136,94,54,96,135,0,
431,Glameow,,Normal,,49,55,42,42,37,85,0,
432,Purugly,,Normal,,71,82,64,64,59,112,0,
439,Mime Jr.,,Psychic,Fairy,20,25,45,70,90,60,0,
441,Chatot,,Normal,Flying,76,65,45,92,42,91,0,
445,Garchomp,Mega Garchomp,Dragon,Ground,108,170,115,120,95,92,0,
448,Lucario,Mega Lucario,Fighting,Steel,70,145,88,140,70,112,0,
451,Skorupi,,Poison,Bug,40,50,90,30,55,65,0,
452,Drapion,,Poison,Dark,70,90,110,60,75,95,0,
455,Carnivine,,Grass,,74,100,72,90,72,46,0,
458,Mantyke,,Water,Flying,45,20,50,60,120,50,0,
460,Abomasnow,Mega Abomasnow,Grass,Ice,90,132,105,132,105,30,0,
463,Lickilicky,,Normal,,110,85,95,80,95,50,0,
465,Tangrowth,,Grass,,100,100,125,110,50,50,0,
468,Togekiss,,Fairy,Flying,85,50,95,120,115,80,0,
475,Gallade,Mega Gallade,Psychic,Fighting,68,165,95,65,115,110,0,
483,Dialga,,Steel,Dragon,100,120,120,150,100,90,1,
483,Dialga,Origin Forme,Steel,Dragon,100,100,120,150,120,90,1,
484,Palkia,,Water,Dragon,90,120,100,150,120,100,1,
484,Palkia,Origin Forme,Water,Dragon,90,100,100,150,120,120,1,
487,Giratina,Altered Forme,Ghost,Dragon,150,100,120,100,120,90,1,
487,Giratina,Origin Forme,Ghost,Dragon,150,120,100,120,100,90,1,
489,Phione,,Water,,80,80,80,80,80,80,0,
490,Manaphy,,Water,,100,100,100,100,100,100,0,
491,Darkrai,,Dark,,70,90,90,135,90,125,0,
492,Shaymin,Land Forme,Grass,,100,100,100,100,100,100,0,
492,Shaymin,Sky Forme,Grass,Flying,100,103,75,120,75,127,0,
493,Arceus,,Normal,,120,120,120,120,120,120,0,
494,Victini,,Psychic,Fire,100,100,100,100,100,100,0,
504,Patrat,,Normal,,45,55,39,35,39,42,0,
505,Watchog,,Normal,,60,85,69,60,69,77,0,
506,Lillipup,,Normal,,45,60,45,25,45,55,0,
507,Herdier,,Normal,,65,80,65,35,65,60,0,
508,Stoutland,,Normal,,85,110,90,45,90,80,0,
509,Purrloin,,Dark,,41,50,37,50,37,66,0,
510,Liepard,,Dark,,64,88,50,88,50,106,0,
511,Pansage,,Grass,,50,53,48,53,48,64,0,
512,Simisage,,Grass,,75,98,63,98,63,101,0,
513,Pansear,,Fire,,50,53,48,53,48,64,0,
514,Simisear,,Fire,,75,98,63,98,63,101,0,
515,Panpour,,Water,,50,53,48,53,48,64,0,
516,Simipour,,Water,,75,98,63,98,63,101,0,
517,Munna,,Psychic,,76,25,45,67,55,24,0,
518,Musharna,,Psychic,,116,55,85,107,95,29,0,
519,Pidove,,Normal,Flying,50,55,50,36,30,43,0,
520,Tranquill,,Normal,Flying,62,77,62,50,42,65,0,
521,Unfezant,,Normal,Flying,80,115,80,65,55,93,0,
524,Roggenrola,,Rock,,55,75,85,25,25,15,0,
525,Boldore,,Rock,,70,105,105,50,40,20,0,
526,Gigalith,,Rock,,85,135,130,60,80,25,0,
527,Woobat,,Psychic,Flying,65,45,43,55,43,72,0,
528,Swoobat,,Psychic,Flying,67,57,55,77,55,114,0,
531,Audino,,Normal,,103,60,86,60,86,50,0,
531,Audino,Mega Audino,Normal,Fairy,103,60,126,80,126,50,0,
535,Tympole,,Water,,50,50,40,50,40,64,0,
536,Palpitoad,,Water,Ground,75,65,55,65,55,69,0,
537,Seismitoad,,Water,Ground,105,95,75,85,75,74,0,
538,Throh,,Fighting,,120,100,85,30,85,45,0,
539,Sawk,,Fighting,,75,125,75,30,75,85,0,
543,Venipede,,Bug,Poison,30,45,59,30,39,57,0,
544,Whirlipede,,Bug,Poison,40,55,99,40,79,47,0,
545,Scolipede,,Bug,Poison,60,100,89,55,69,112,0,
554,Darumaka,,Fire,,70,90,45,15,45,50,0,
554,Darumaka,Galarian Darumaka,Ice,,70,90,45,15,45,50,0,
555,Darmanitan,Standard Mode,Fire,,105,140,55,30,55,95,0,
555,Darmanitan,Zen Mode,Fire,Psychic,105,30,105,140,105,55,0,
555,Darmanitan,Galarian Standard Mode,Ice,,105,140,55,30,55,95,0,
555,Darmanitan,Galarian Zen Mode,Ice,Fire,105,160,55,30,55,135,0,
556,Maractus,,Grass,,75,86,67,106,67,60,0,
557,Dwebble,,Bug,Rock,50,65,85,35,35,55,0,
558,Crustle,,Bug,Rock,70,105,125,65,75,45,0,
561,Sigilyph,,Psychic,Flying,72,58,80,103,80,97,0,
562,Yamask,,Ghost,,38,30,85,55,65,30,0,
562,Yamask,Galarian Yamask,Ground,Ghost,38,55,85,30,65,30,0,
563,Cofagrigus,,Ghost,,58,50,145,95,105,30,0,
564,Tirtouga,,Water,Rock,54,78,103,53,45,22,0,
565,Carracosta,,Water,Rock,74,108,133,83,65,32,0,
566,Archen,,Rock,Flying,55,112,45,74,45,70,0,
567,Archeops,,Rock,Flying,75,140,65,112,65,110,0,
568,Trubbish,,Poison,,50,50,62,40,62,65,0,
569,Garbodor,,Poison,,80,95,82,60,82,75,0,
582,Vanillite,,Ice,,36,50,50,65,60,44,0,
583,Vanillish,,Ice,,51,65,65,80,75,59,0,
584,Vanilluxe,,Ice,,71,95,85,110,95,79,0,
587,Emolga,,Electric,Flying,55,75,60,75,60,103,0,
588,Karrablast,,Bug,,50,75,45,40,45,60,0,
589,Escavalier,,Bug,Steel,70,135,105,60,105,20,0,
592,Frillish,,Water,Ghost,55,40,50,65,85,40,0,
593,Jellicent,,Water,Ghost,100,60,70,85,105,60,0,
597,Ferroseed,,Grass,Steel,44,50,91,24,86,10,0,
598,Ferrothorn,,Grass,Steel,74,94,131,54,116,20,0,
599,Klink,,Steel,,40,55,70,45,60,30,0,
600,Klang,,Steel,,60,80,95,70,85,50,0,
601,Klinklang,,Steel,,60,100,115,70,85,90,0,
605,Elgyem,,Psychic,,55,55,55,85,55,30,0,
606,Beheeyem,,Psychic,,75,75,75,125,95,40,0,
616,Shelmet,,Bug,,50,40,85,40,65,25,0,
617,Accelgor,,Bug,,80,70,40,100,60,145,0,
618,Stunfisk,,Ground,Electric,109,66,84,81,99,32,0,
618,Stunfisk,Galarian Stunfisk,Ground,Steel,109,81,99,66,84,32,0,
621,Druddigon,,Dragon,,77,120,90,60,90,48,0,
626,Bouffalant,,Normal,,95,110,95,40,95,55,0,
631,Heatmor,,Fire,,85,97,66,105,66,65,0,
632,Durant,,Bug,Steel,58,109,112,48,48,109,0,
643,Reshiram,,Dragon,Fire,100,120,100,150,120,90,1,
644,Zekrom,,Dragon,Electric,100,150,120,120,100,90,1,
646,Kyurem,,Dragon,Ice,125,130,90,130,90,95,1,
646,Kyurem,White Kyurem,Dragon,Ice,125,120,90,170,100,95,1,
646,Kyurem,Black Kyurem,Dragon,Ice,125,170,100,120,90,95,1,
647,Keldeo,Ordinary Form,Water,Fighting,91,72,90,129,90,108,0,
647,Keldeo,Resolute Form,Water,Fighting,91,72,90,129,90,108,0,
648,Meloetta,Aria Forme,Normal,Psychic,100,77,77,128,128,90,0,
648,Meloetta,Pirouette Forme,Normal,Fighting,100,128,90,77,77,128,0,
649,Genesect,,Bug,Steel,71,120,95,120,95,99,0,
658,Greninja,Ash-Greninja,Water,Dark,72,145,67,153,71,132,0,
659,Bunnelby,,Normal,,38,36,38,32,36,57,0,
660,Diggersby,,Normal,Ground,85,56,77,50,77,78,0,
674,Pancham,,Fighting,,67,82,62,46,48,43,0,
675,Pangoro,,Fighting,Dark,95,124,78,69,71,58,0,
676,Furfrou,,Normal,,75,80,60,65,90,102,0,
679,Honedge,,Steel,Ghost,45,80,100,35,37,28,0,
680,Doublade,,Steel,Ghost,59,110,150,45,49,35,0,
681,Aegislash,Shield Forme,Steel,Ghost,60,50,140,50,140,60,0,
681,Aegislash,Blade Forme,Steel,Ghost,60,140,50,140,50,60,0,
682,Spritzee,,Fairy,,78,52,60,63,65,23,0,
683,Aromatisse,,Fairy,,101,72,72,99,89,29,0,
684,Swirlix,,Fairy,,62,48,66,59,57,49,0,
685,Slurpuff,,Fairy,,82,80,86,85,75,72,0,
688,Binacle,,Rock,Water,42,52,67,39,56,50,0,
689,Barbaracle,,Rock,Water,72,105,115,54,86,68,0,
694,Helioptile,,Electric,Normal,44,38,33,61,43,70,0,
695,Heliolisk,,Electric,Normal,62,55,52,109,94,109,0,
696,Tyrunt,,Rock,Dragon,58,89,77,45,45,48,0,
697,Tyrantrum,,Rock,Dragon,82,121,119,69,59,71,0,
698,Amaura,,Rock,Ice,77,59,50,67,63,46,0,
699,Aurorus,,Rock,Ice,123,77,72,99,92,58,0,
710,Pumpkaboo,Average Size,Ghost,Grass,49,66,70,44,55,51,0,
710,Pumpkaboo,Small Size,Ghost,Grass,44,66,70,44,55,56,0,
710,Pumpkaboo,Large Size,Ghost,Grass,54,66,70,44,55,46,0,
710,Pumpkaboo,Super Size,Ghost,Grass,59,66,70,44,55,41,0,
711,Gourgeist,Average Size,Ghost,Grass,65,90,122,58,75,84,0,
711,Gourgeist,Small Size,Ghost,Grass,55,85,122,58,75,99,0,
711,Gourgeist,Large Size,Ghost,Grass,75,95,122,58,75,69,0,
711,Gourgeist,Super Size,Ghost,Grass,85,100,122,58,75,54,0,
716,Xerneas,,Fairy,,126,131,95,131,98,99,0,
717,Yveltal,,Dark,Flying,126,131,95,131,98,99,0,
718,Zygarde,50% Forme,Dragon,Ground,108,100,121,81,95,95,0,
718,Zygarde,10% Forme,Dragon,Ground,54,100,71,61,85,115,0,
718,Zygarde,Complete Forme,Dragon,Ground,216,100,121,91,95,85,0,
719,Diancie,,Rock,Fairy,50,100,150,100,150,50,0,
719,Diancie,Mega Diancie,Rock,Fairy,50,160,110,160,110,110,0,
720,Hoopa,Hoopa Confined,Psychic,Ghost,80,110,60,150,130,70,0,
720,Hoopa,Hoopa Unbound,Psychic,Dark,80,160,60,170,130,80,0,
721,Volcanion,,Fire,Water,80,110,120,130,90,70,0,
746,Wishiwashi,Solo Form,Water,,45,20,20,25,25,40,0,
746,Wishiwashi,School Form,Water,,45,140,130,140,135,30,0,
755,Morelull,,Grass,Fairy,40,35,55,65,75,15,0,
756,Shiinotic,,Grass,Fairy,60,45,80,90,100,30,0,
759,Stufful,,Normal,Fighting,70,75,50,45,50,50,0,
760,Bewear,,Normal,Fighting,120,125,80,55,60,60,0,
767,Wimpod,,Bug,Water,25,35,40,20,30,80,0,
768,Golisopod,,Bug,Water,75,125,140,60,90,40,0,
771,Pyukumuku,,Water,,55,60,130,30,130,5,0,
772,Type: Null,,Normal,,95,95,95,95,95,59,0,
773,Silvally,,Normal,,95,95,95,95,95,95,0,
776,Turtonator,,Fire,Dragon,60,78,135,91,85,36,0,
777,Togedemaru,,Electric,Steel,65,98,63,40,73,96,0,
780,Drampa,,Normal,Dragon,78,60,85,135,91,36,0,
781,Dhelmise,,Ghost,Grass,70,131,100,86,90,40,0,
785,Tapu Koko,,Electric,Fairy,70,115,85,95,75,130,0,
786,Tapu Lele,,Psychic,Fairy,70,85,75,130,115,95,0,
787,Tapu Bulu,,Grass,Fairy,70,130,115,85,95,75,0,
788,Tapu Fini,,Water,Fairy,70,75,115,95,130,85,0,
789,Cosmog,,Psychic,,43,29,31,29,31,37,1,
790,Cosmoem,,Psychic,,43,29,131,29,131,37,1,
791,Solgaleo,,Psychic,Steel,137,137,107,113,89,97,1,
792,Lunala,,Psychic,Ghost,137,113,89,137,107,97,1,
793,Nihilego,,Rock,Poison,109,53,47,127,131,103,0,
794,Buzzwole,,Bug,Fighting,107,139,139,53,53,79,0,
795,Pheromosa,,Bug,Fighting,71,137,37,137,37,151,0,
796,Xurkitree,,Electric,,83,89,71,173,71,83,0,
797,Celesteela,,Steel,Flying,97,101,103,107,101,61,0,
798,Kartana,,Grass,Steel,59,181,131,59,31,109,0,
799,Guzzlord,,Dark,Dragon,223,101,53,97,53,43,0,
800,Necrozma,,Psychic,,97,107,101,127,89,79,1,
800,Necrozma,Dusk Mane Necrozma,Psychic,Steel,97,157,127,113,109,77,1,
800,Necrozma,Dawn Wings Necrozma,Psychic,Ghost,97,113,109,157,127,77,1,
800,Necrozma,Ultra Necrozma,Psychic,Dragon,97,167,97,167,97,129,0,
801,Magearna,,Steel,Fairy,80,95,115,130,115,65,0,
802,Marshadow,,Fighting,Ghost,90,125,80,90,90,125,0,
803,Poipole,,Poison,,67,73,67,73,67,73,0,
804,Naganadel,,Poison,Dragon,73,73,73,127,73,121,0,
805,Stakataka,,Rock,Steel,61,131,211,53,101,13,0,
806,Blacephalon,,Fire,Ghost,53,127,53,151,79,107,0,
807,Zeraora,,Electric,,88,112,75,102,80,143,0,
808,Meltan,,Steel,,46,65,65,55,35,34,0,
809,Melmetal,,Steel,,135,143,143,80,65,34,0,
824,Blipbug,,Bug,,25,20,20,25,45,45,0,
825,Dottler,,Bug,Psychic,50,35,80,50,90,30,0,
826,Orbeetle,,Bug,Psychic,60,45,110,80,120,90,0,
827,Nickit,,Dark,,40,28,28,47,52,50,0,
828,Thievul,,Dark,,70,58,58,87,92,90,0,
829,Gossifleur,,Grass,,40,40,60,40,60,10,0,
830,Eldegoss,,Grass,,60,50,90,80,120,60,0,
831,Wooloo,,Normal,,42,40,55,40,45,48,0,
832,Dubwool,,Normal,,72,80,100,60,90,88,0,
835,Yamper,,Electric,,59,45,50,40,50,26,0,
836,Boltund,,Electric,,69,90,60,90,60,121,0,
850,Sizzlipede,,Fire,Bug,50,65,45,50,50,45,0,
851,Centiskorch,,Fire,Bug,100,115,65,90,90,65,0,
852,Clobbopus,,Fighting,,50,68,60,50,50,32,0,
853,Grapploct,,Fighting,,80,118,90,70,80,42,0,
862,Obstagoon,,Dark,Normal,93,90,101,60,81,95,0,
864,Cursola,,Ghost,,60,95,50,145,130,30,0,
865,Sirfetch'd,,Fighting,,62,135,95,68,82,65,0,
866,Mr. Rime,,Ice,Psychic,80,85,75,110,100,70,0,
867,Runerigus,,Ground,Ghost,58,95,145,50,105,30,0,
870,Falinks,,Fighting,,65,100,100,70,60,75,0,
880,Dracozolt,,Electric,Dragon,90,100,90,80,70,75,0,
881,Arctozolt,,Electric,Ice,90,100,90,90,80,55,0,
882,Dracovish,,Water,Dragon,90,90,100,70,80,75,0,
883,Arctovish,,Water,Ice,90,90,100,80,90,55,0,
888,Zacian,Hero of Many Battles,Fairy,,92,120,115,80,115,138,1,
888,Zacian,Crowned Sword,Fairy,Steel,92,150,115,80,115,148,1,
889,Zamazenta,Hero of Many Battles,Fighting,,92,120,115,80,115,138,1,
889,Zamazenta,Crowned Shield,Fighting,Steel,92,120,140,80,140,128,1,
890,Eternatus,,Poison,Dragon,140,85,95,145,95,130,1,
890,Eternatus,Eternamax,Poison,Dragon,255,115,250,125,250,130,1,
893,Zarude,,Dark,Grass,105,120,105,70,95,105,0,
898,Calyrex,,Psychic,Grass,100,80,80,80,80,80,1,
898,Calyrex,Ice Rider,Psychic,Ice,100,165,150,85,130,50,1,
898,Calyrex,Shadow Rider,Psychic,Ghost,100,85,80,165,100,150,1,
1007,Koraidon,,Fighting,Dragon,100,135,115,85,100,135,1,
1008,Miraidon,,Electric,Dragon,100,85,100,135,115,135,1,
1024,Terapagos,Normal Form,Normal,,90,65,85,65,85,60,1,
1024,Terapagos,Terastal Form,Normal,,95,95,110,105,110,85,1,
1024,Terapagos,Stellar Form,Normal,,160,105,110,130,110,85,1,
1025,Pecharunt,,Poison,Ghost,88,88,160,88,88,88,0,
